gameId,날짜,구장,홈팀,홈점수,원정팀,원정점수,승리팀,예측승리팀,예측확률
20250308HTLT02025,2025-03-08,사직,롯데,4,KIA,3,롯데,KIA,0.6051317474600393
20250308LGKT02025,2025-03-08,수원,KT,5,LG,1,KT,LG,0.5504635142605727
20250308OBHH02025,2025-03-08,청주,한화,4,두산,6,두산,한화,0.5521524528891439
20250308SKSS02025,2025-03-08,대구,삼성,3,SSG,9,SSG,삼성,0.5719076384928412
20250308WONC02025,2025-03-08,창원,NC,1,키움,3,키움,NC,0.5299552343286125
20250309LGKT02025,2025-03-09,수원,KT,9,LG,4,KT,KT,0.5265813071397358
20250309OBHH02025,2025-03-09,청주,한화,2,두산,4,두산,두산,0.5159606277471447
20250309SKSS02025,2025-03-09,대구,삼성,7,SSG,0,삼성,삼성,0.5211672583487125
20250309WONC02025,2025-03-09,창원,NC,7,키움,2,NC,NC,0.5299552343286125
20250310HHSK02025,2025-03-10,문학,SSG,1,한화,3,한화,SSG,0.5031890904371565
20250310HTNC02025,2025-03-10,창원,NC,6,KIA,3,NC,KIA,0.633218309544856
20250310LGLT02025,2025-03-10,사직,롯데,2,LG,8,LG,LG,0.5968205629831633
20250310OBSS02025,2025-03-10,대구,삼성,5,두산,8,두산,삼성,0.5820619984757733
20250310WOKT02025,2025-03-10,수원,KT,7,키움,4,KT,KT,0.6134427953955899
20250311HHSK02025,2025-03-11,문학,SSG,0,한화,8,한화,SSG,0.5859388935786295
20250311HTNC02025,2025-03-11,창원,NC,10,KIA,17,KIA,KIA,0.6402151074964266
20250311LGLT02025,2025-03-11,사직,롯데,3,LG,2,롯데,LG,0.6273131746435275
20250311OBSS02025,2025-03-11,대구,삼성,11,두산,8,삼성,삼성,0.543945517207767
20250311OBSS02025,2025-03-11,대구,삼성,11,두산,8,삼성,삼성,0.5344957705656028
20250311WOKT02025,2025-03-11,수원,KT,5,키움,9,키움,KT,0.6573686998534851
20250313HTOB02025,2025-03-13,잠실,두산,1,KIA,4,KIA,KIA,0.5777826325727053
20250313LGSS02025,2025-03-13,대구,삼성,5,LG,10,LG,삼성,0.5443456804765924
20250313KTNC02025,2025-03-13,창원,NC,5,KT,10,KT,KT,0.5184102917801543
20250313WOSK02025,2025-03-13,문학,SSG,6,키움,7,키움,SSG,0.5532473072662253
20250314HHLT02025,2025-03-14,사직,롯데,0,한화,2,한화,한화,0.5264075030060307
20250314KTNC02025,2025-03-14,창원,NC,0,KT,1,KT,KT,0.6884504052644838
20250314LGSS02025,2025-03-14,대구,삼성,5,LG,3,삼성,삼성,0.5867812184603782
20250314WOSK02025,2025-03-14,문학,SSG,5,키움,3,SSG,SSG,0.5091200937779864
20250315LGSK02025,2025-03-15,문학,SSG,4,LG,9,LG,LG,0.5046107607777452
20250315OBWO02025,2025-03-15,고척,키움,3,두산,2,키움,키움,0.5435088702649414
20250315SSHT02025,2025-03-15,광주,KIA,5,삼성,1,KIA,KIA,0.7094154254104403
20250316HHNC02025,2025-03-16,창원,NC,3,한화,5,한화,한화,0.5031203105108484
20250316LGSK02025,2025-03-16,문학,SSG,8,LG,1,SSG,SSG,0.5711811161133357
20250316SSHT02025,2025-03-16,광주,KIA,11,삼성,5,KIA,KIA,0.5614663679646621
20250317LTWO02025,2025-03-17,고척,키움,4,롯데,3,키움,롯데,0.5554807666234027
20250317NCLG02025,2025-03-17,잠실,LG,3,NC,0,LG,LG,0.5974575004442366
20250317OBKT02025,2025-03-17,수원,KT,9,두산,6,KT,KT,0.5435396976101072
20250317SSHH02025,2025-03-17,대전,한화,3,삼성,1,한화,한화,0.567045179182324
20250318LTWO02025,2025-03-18,고척,키움,3,롯데,2,키움,키움,0.6112585836325518
20250322HHKT02025,2025-03-22,수원,KT,3,한화,4,한화,KT,0.5626439861248199
20250322LTLG02025,2025-03-22,잠실,LG,12,롯데,2,LG,LG,0.5390387372641211
20250322NCHT02025,2025-03-22,광주,KIA,9,NC,2,KIA,KIA,0.64459265557663
20250322OBSK02025,2025-03-22,문학,SSG,6,두산,5,SSG,SSG,0.5316670472128747
20250322WOSS02025,2025-03-22,대구,삼성,13,키움,5,삼성,삼성,0.6274971067710111
20250323HHKT02025,2025-03-23,수원,KT,5,한화,4,KT,KT,0.5528073224454393
20250323LTLG02025,2025-03-23,잠실,LG,10,롯데,2,LG,LG,0.5611706759833588
20250323NCHT02025,2025-03-23,광주,KIA,4,NC,5,NC,KIA,0.6387968847726557
20250323OBSK02025,2025-03-23,문학,SSG,5,두산,2,SSG,두산,0.5014823318455133
20250323WOSS02025,2025-03-23,대구,삼성,11,키움,7,삼성,삼성,0.5752784289605408
20250325HHLG02025,2025-03-25,잠실,LG,5,한화,0,LG,LG,0.5668381459921449
20250325LTSK02025,2025-03-25,문학,SSG,2,롯데,3,롯데,SSG,0.5158284679899823
20250325NCSS02025,2025-03-25,대구,삼성,14,NC,5,삼성,삼성,0.6821040908047517
20250325OBKT02025,2025-03-25,수원,KT,8,두산,3,KT,KT,0.5520333963366152
20250325WOHT02025,2025-03-25,광주,KIA,11,키움,6,KIA,KIA,0.6921321863366776
20250326HHLG02025,2025-03-26,잠실,LG,4,한화,0,LG,LG,0.5298282565999313
20250326LTSK02025,2025-03-26,문학,SSG,3,롯데,1,SSG,SSG,0.5601142716828053
20250326NCSS02025,2025-03-26,대구,삼성,6,NC,8,NC,삼성,0.6130950705263212
20250326NCSS02025,2025-03-26,대구,삼성,6,NC,8,NC,삼성,0.6065017617412064
20250326OBKT02025,2025-03-26,수원,KT,2,두산,3,두산,KT,0.5777021229242199
20250326WOHT02025,2025-03-26,광주,KIA,10,키움,17,키움,KIA,0.6215664621941438
20250327HHLG02025,2025-03-27,잠실,LG,2,한화,1,LG,LG,0.5917640823774878
20250327LTSK02025,2025-03-27,문학,SSG,5,롯데,2,SSG,SSG,0.6104753859379937
20250327NCSS02025,2025-03-27,대구,삼성,5,NC,11,NC,삼성,0.6588565159770765
20250327OBKT02025,2025-03-27,수원,KT,4,두산,3,KT,KT,0.6128245426280227
20250327WOHT02025,2025-03-27,광주,KIA,3,키움,5,키움,KIA,0.5942600848934346
20250328HTHH02025,2025-03-28,대전,한화,7,KIA,2,한화,KIA,0.5927385522605635
20250328KTLT02025,2025-03-28,사직,롯데,0,KT,2,KT,KT,0.5301583713584515
20250328LGNC02025,2025-03-28,창원,NC,4,LG,8,LG,LG,0.5579733502577374
20250328SKWO02025,2025-03-28,고척,키움,9,SSG,3,키움,SSG,0.5470538913698326
20250328SSOB02025,2025-03-28,잠실,두산,2,삼성,0,두산,삼성,0.5074027638480385
20250329HTHH02025,2025-03-29,대전,한화,5,KIA,4,한화,KIA,0.5731917410528546
20250329SKWO02025,2025-03-29,고척,키움,3,SSG,1,키움,SSG,0.5254752326621455
20250329KTLT02025,2025-03-29,사직,롯데,3,KT,1,롯데,KT,0.565982208200727
20250329LGNC02025,2025-03-29,창원,NC,4,LG,14,LG,LG,0.5311068407166224
20250329SSOB02025,2025-03-29,잠실,두산,2,삼성,13,삼성,두산,0.5122481529932745
20250330HTHH02025,2025-03-30,대전,한화,3,KIA,5,KIA,KIA,0.5923469864986324
20250330SKWO02025,2025-03-30,고척,키움,2,SSG,8,SSG,SSG,0.5787299740720628
20250330SSOB02025,2025-03-30,잠실,두산,2,삼성,3,삼성,삼성,0.5407798548456862
20250402LGKT02025,2025-04-02,수원,KT,9,LG,5,KT,LG,0.5095849914368591
20250402LTHH02025,2025-04-02,대전,한화,2,롯데,6,롯데,한화,0.5309991898079673
20250402SSHT02025,2025-04-02,광주,KIA,2,삼성,4,삼성,KIA,0.5308966893339475
20250402WOOB02025,2025-04-02,잠실,두산,5,키움,3,두산,두산,0.5220283948875175
20250403LGKT02025,2025-04-03,수원,KT,1,LG,5,LG,KT,0.53166318985299
20250403LTHH02025,2025-04-03,대전,한화,2,롯데,4,롯데,한화,0.6303735774210492
20250403SSHT02025,2025-04-03,광주,KIA,3,삼성,1,KIA,KIA,0.578059529693672
20250403WOOB02025,2025-04-03,잠실,두산,6,키움,1,두산,두산,0.5595971737841104
20250404HHSS02025,2025-04-04,대구,삼성,5,한화,0,삼성,삼성,0.5672319563949283
20250404HTLG02025,2025-04-04,잠실,LG,8,KIA,2,LG,KIA,0.5421457008395751
20250404KTSK02025,2025-04-04,문학,SSG,3,KT,2,SSG,KT,0.5350496478226943
20250404NCWO02025,2025-04-04,고척,키움,5,NC,1,키움,키움,0.5161010316706127
20250404OBLT02025,2025-04-04,사직,롯데,3,두산,15,두산,롯데,0.5037601871521621
20250405HHSS02025,2025-04-05,대구,삼성,6,한화,7,한화,삼성,0.557139231513496
20250405HHSS02025,2025-04-05,대구,삼성,6,한화,7,한화,삼성,0.5487689467417043
20250405NCWO02025,2025-04-05,고척,키움,5,NC,7,NC,NC,0.5422638220498921
20250405OBLT02025,2025-04-05,사직,롯데,6,두산,1,롯데,롯데,0.5235841562965237
20250406HHSS02025,2025-04-06,대구,삼성,10,한화,0,삼성,삼성,0.5712316340136542
20250406HTLG02025,2025-04-06,잠실,LG,5,KIA,1,LG,KIA,0.5483213831811713
20250406KTSK02025,2025-04-06,문학,SSG,1,KT,0,SSG,KT,0.5229654122777097
20250406NCWO02025,2025-04-06,고척,키움,2,NC,8,NC,키움,0.5476437622610515
20250406OBLT02025,2025-04-06,사직,롯데,12,두산,15,두산,롯데,0.5764960395239019
20250408HHOB02025,2025-04-08,잠실,두산,6,한화,5,두산,두산,0.5339129450708963
20250408HTLT02025,2025-04-08,사직,롯데,4,KIA,5,KIA,KIA,0.5778201354784364
20250408LGWO02025,2025-04-08,고척,키움,1,LG,13,LG,LG,0.5468589294620219
20250408NCKT02025,2025-04-08,수원,KT,3,NC,2,KT,KT,0.7300519997045123
20250408SKSS02025,2025-04-08,대구,삼성,7,SSG,3,삼성,삼성,0.6208715497279813
20250409HHOB02025,2025-04-09,잠실,두산,4,한화,5,한화,두산,0.5260650033436628
20250409HTLT02025,2025-04-09,사직,롯데,1,KIA,3,KIA,KIA,0.6732700668904141
20250409LGWO02025,2025-04-09,고척,키움,4,LG,0,키움,LG,0.5799644572676796
20250409NCKT02025,2025-04-09,수원,KT,4,NC,1,KT,KT,0.6019889051858456
20250409SKSS02025,2025-04-09,대구,삼성,1,SSG,3,SSG,삼성,0.5754514247241934
20250410HHOB02025,2025-04-10,잠실,두산,2,한화,7,한화,두산,0.5175615487523186
20250410HTLT02025,2025-04-10,사직,롯데,8,KIA,3,롯데,KIA,0.5463726817088674
20250410LGWO02025,2025-04-10,고척,키움,3,LG,7,LG,LG,0.5621022993410412
20250410NCKT02025,2025-04-10,수원,KT,0,NC,7,NC,KT,0.5920187121334064
20250410SKSS02025,2025-04-10,대구,삼성,3,SSG,2,삼성,삼성,0.5815586906689812
20250411LTNC02025,2025-04-11,사직,NC,5,롯데,7,롯데,NC,0.5309513147142425
20250411OBLG02025,2025-04-11,잠실,LG,5,두산,2,LG,LG,0.5839446674754855
20250411SKHT02025,2025-04-11,광주,KIA,3,SSG,9,SSG,KIA,0.6525414739128629
20250411SSKT02025,2025-04-11,수원,KT,5,삼성,3,KT,KT,0.5680719715315528
20250411SSKT02025,2025-04-11,수원,KT,5,삼성,3,KT,KT,0.5797479677340232
20250411WOHH02025,2025-04-11,대전,한화,12,키움,2,한화,한화,0.6145458302693974
20250412OBLG02025,2025-04-12,잠실,LG,4,두산,0,LG,LG,0.6096343393893461
20250412LTNC02025,2025-04-12,사직,NC,0,롯데,2,롯데,롯데,0.5250804830859664
20250412WOHH02025,2025-04-12,대전,한화,2,키움,6,키움,한화,0.5490185608843403
20250413LTNC02025,2025-04-13,사직,NC,9,롯데,6,NC,NC,0.5028266831080332
20250413OBLG02025,2025-04-13,잠실,LG,2,두산,9,두산,LG,0.5696567533398866
20250413SKHT02025,2025-04-13,광주,KIA,11,SSG,5,KIA,KIA,0.6109114980893945
20250413SSKT02025,2025-04-13,수원,KT,6,삼성,5,KT,KT,0.5156704118030583
20250413WOHH02025,2025-04-13,대전,한화,7,키움,1,한화,한화,0.6196868553353961
20250415HHSK02025,2025-04-15,문학,SSG,0,한화,2,한화,SSG,0.5490258620666667
20250415KTHT02025,2025-04-15,광주,KIA,1,KT,0,KIA,KIA,0.6172268797877172
20250415SSLG02025,2025-04-15,잠실,LG,3,삼성,0,LG,LG,0.5298501833489117
20250415WOLT02025,2025-04-15,사직,롯데,8,키움,6,롯데,키움,0.5609055259485124
20250416HHSK02025,2025-04-16,문학,SSG,4,한화,10,한화,SSG,0.5071332147971348
20250416KTHT02025,2025-04-16,광주,KIA,0,KT,3,KT,KIA,0.5165319028782218
20250416SSLG02025,2025-04-16,잠실,LG,12,삼성,2,LG,LG,0.505770710982427
20250416WOLT02025,2025-04-16,사직,롯데,6,키움,4,롯데,롯데,0.5751522543278981
20250417HHSK02025,2025-04-17,문학,SSG,2,한화,4,한화,SSG,0.5380002617256567
20250417KTHT02025,2025-04-17,광주,KIA,5,KT,4,KIA,KIA,0.5535645164844647
20250417SSLG02025,2025-04-17,잠실,LG,3,삼성,6,삼성,LG,0.5353816451609176
20250417WOLT02025,2025-04-17,사직,롯데,7,키움,1,롯데,롯데,0.5962262431905008
20250418HTOB02025,2025-04-18,잠실,두산,7,KIA,1,두산,KIA,0.5403905767736454
20250418KTWO02025,2025-04-18,고척,키움,4,KT,3,키움,KT,0.6305123685564924
20250418LGSK02025,2025-04-18,문학,SSG,1,LG,5,LG,LG,0.5766275744372708
20250418LTSS02025,2025-04-18,대구,삼성,1,롯데,8,롯데,삼성,0.5590104003666344
20250418LTSS02025,2025-04-18,대구,삼성,1,롯데,8,롯데,삼성,0.5497908448354665
20250418NCHH02025,2025-04-18,대전,한화,12,NC,4,한화,한화,0.5559530423370058
20250419HTOB02025,2025-04-19,잠실,두산,4,KIA,8,KIA,KIA,0.6072398074344585
20250419LGSK02025,2025-04-19,문학,SSG,4,LG,11,LG,LG,0.5239973557027993
20250419KTWO02025,2025-04-19,고척,키움,1,KT,11,KT,KT,0.6185912133046819
20250419LTSS02025,2025-04-19,대구,삼성,10,롯데,3,삼성,롯데,0.5325871106587566
20250419NCHH02025,2025-04-19,대전,한화,7,NC,2,한화,한화,0.5113349196091346
20250420HTOB02025,2025-04-20,잠실,두산,2,KIA,6,KIA,KIA,0.5683619416040793
20250420KTWO02025,2025-04-20,고척,키움,0,KT,5,KT,KT,0.5121531871761267
20250420LGSK02025,2025-04-20,문학,SSG,9,LG,3,SSG,SSG,0.7289962001234495
20250420LTSS02025,2025-04-20,대구,삼성,3,롯데,4,롯데,삼성,0.7018275468869557
20250420NCHH02025,2025-04-20,대전,한화,7,NC,1,한화,한화,0.6209953173240799
20250422NCLG02025,2025-04-22,잠실,LG,5,NC,6,NC,LG,0.5975440645693583
20250422OBWO02025,2025-04-22,고척,키움,5,두산,4,키움,키움,0.5081929546450106
20250422SKKT02025,2025-04-22,수원,KT,9,SSG,3,KT,KT,0.5552475384476893
20250423HHLT02025,2025-04-23,사직,롯데,4,한화,6,한화,롯데,0.5149290414878251
20250423HTSS02025,2025-04-23,대구,삼성,7,KIA,2,삼성,삼성,0.5508713326615715
20250423NCLG02025,2025-04-23,잠실,LG,3,NC,0,LG,LG,0.5869229802386565
20250423OBWO02025,2025-04-23,고척,키움,2,두산,8,두산,두산,0.519609920817645
20250423SKKT02025,2025-04-23,수원,KT,5,SSG,11,SSG,KT,0.5453091355302877
20250424HHLT02025,2025-04-24,사직,롯데,5,한화,3,롯데,한화,0.5164167828153556
20250424HTSS02025,2025-04-24,대구,삼성,17,KIA,5,삼성,삼성,0.5085664263212953
20250424NCLG02025,2025-04-24,잠실,LG,1,NC,3,NC,LG,0.5869229802386565
20250424OBWO02025,2025-04-24,고척,키움,3,두산,9,두산,두산,0.6158893219970698
20250424SKKT02025,2025-04-24,수원,KT,5,SSG,6,SSG,SSG,0.6081385683739844
20250425KTHH02025,2025-04-25,대전,한화,1,KT,2,KT,KT,0.5235632543082851
20250425LGHT02025,2025-04-25,광주,KIA,5,LG,6,LG,KIA,0.5845452749913868
20250425LTOB02025,2025-04-25,잠실,두산,2,롯데,8,롯데,롯데,0.522294765112016
20250425NCSS02025,2025-04-25,대구,삼성,10,NC,6,삼성,삼성,0.6588565159770765
20250425WOSK02025,2025-04-25,문학,SSG,4,키움,3,SSG,SSG,0.5772721362071396
20250426LGHT02025,2025-04-26,광주,KIA,8,LG,4,KIA,KIA,0.605708526712662
20250426LTOB02025,2025-04-26,잠실,두산,4,롯데,7,롯데,두산,0.6513437950278052
20250426KTHH02025,2025-04-26,대전,한화,2,KT,1,한화,KT,0.5325213245045612
20250426NCSS02025,2025-04-26,대구,삼성,9,NC,1,삼성,삼성,0.6955478909564139
20250426WOSK02025,2025-04-26,문학,SSG,1,키움,2,키움,SSG,0.5815552219155146
20250427KTHH02025,2025-04-27,대전,한화,4,KT,3,한화,KT,0.5443926461196664
20250427LGHT02025,2025-04-27,광주,KIA,3,LG,2,KIA,KIA,0.5814218949155139
20250427LTOB02025,2025-04-27,잠실,두산,13,롯데,4,두산,두산,0.5275449450773521
20250427NCSS02025,2025-04-27,대구,삼성,8,NC,4,삼성,삼성,0.6385594815398037
20250427WOSK02025,2025-04-27,문학,SSG,3,키움,7,키움,SSG,0.5719504161708169
20250429KTOB02025,2025-04-29,잠실,두산,2,KT,3,KT,KT,0.5451288412365975
20250429LGHH02025,2025-04-29,대전,한화,3,LG,2,한화,LG,0.5376879939906807
20250429LTWO02025,2025-04-29,고척,키움,3,롯데,9,롯데,롯데,0.5891496144072605
20250429NCHT02025,2025-04-29,광주,KIA,13,NC,3,KIA,KIA,0.6012848879579601
20250429SSSK02025,2025-04-29,문학,SSG,1,삼성,3,삼성,SSG,0.5034918261249561
20250430KTOB02025,2025-04-30,잠실,두산,3,KT,8,KT,KT,0.5273950294472791
20250430LGHH02025,2025-04-30,대전,한화,5,LG,2,한화,LG,0.5542699901347026
20250430LTWO02025,2025-04-30,고척,키움,9,롯데,10,롯데,롯데,0.5468814874675986
20250430NCHT02025,2025-04-30,광주,KIA,0,NC,7,NC,KIA,0.6280376737577271
20250501LTWO02025,2025-05-01,고척,키움,0,롯데,5,롯데,롯데,0.6063155915963131
20250501SSSK02025,2025-05-01,문학,SSG,4,삼성,1,SSG,SSG,0.5075328186084254
20250501SSSK02025,2025-05-01,문학,SSG,4,삼성,1,SSG,SSG,0.5184345242225874
20250502HHHT02025,2025-05-02,광주,KIA,2,한화,3,한화,KIA,0.5980241757247234
20250502NCLT02025,2025-05-02,사직,롯데,4,NC,3,롯데,롯데,0.5111674756673352
20250502OBSS02025,2025-05-02,대구,삼성,6,두산,2,삼성,삼성,0.5820619984757733
20250502SKLG02025,2025-05-02,잠실,LG,1,SSG,2,SSG,LG,0.5061052267561961
20250502WOKT02025,2025-05-02,수원,KT,3,키움,5,키움,KT,0.5364883341264344
20250503NCLT02025,2025-05-03,사직,롯데,4,NC,13,NC,롯데,0.5418643856511849
20250503OBSS02025,2025-05-03,대구,삼성,1,두산,6,두산,삼성,0.6166503815885447
20250503SKLG02025,2025-05-03,잠실,LG,4,SSG,1,LG,LG,0.5443780490378601
20250503WOKT02025,2025-05-03,수원,KT,9,키움,0,KT,KT,0.6050050563670794
20250504HHHT02025,2025-05-04,광주,KIA,1,한화,3,한화,KIA,0.6103244300705178
20250504NCLT02025,2025-05-04,사직,롯데,6,NC,9,NC,롯데,0.563095769894087
20250504OBSS02025,2025-05-04,대구,삼성,6,두산,11,두산,삼성,0.5839708304419092
20250504SKLG02025,2025-05-04,잠실,LG,12,SSG,4,LG,LG,0.5979867278313937
20250504WOKT02025,2025-05-04,수원,KT,5,키움,4,KT,KT,0.6518724025766212
20250505HTWO02025,2025-05-05,고척,키움,1,KIA,13,KIA,KIA,0.6612330608245833
20250505LGOB02025,2025-05-05,잠실,두산,5,LG,2,두산,LG,0.5274994393602003
20250505NCKT02025,2025-05-05,수원,KT,2,NC,6,NC,KT,0.5328339013995138
20250505SKLT02025,2025-05-05,사직,롯데,1,SSG,7,SSG,SSG,0.5758682883894475
20250505SSHH02025,2025-05-05,대전,한화,3,삼성,1,한화,삼성,0.5163986164795165
20250506HTWO02025,2025-05-06,고척,키움,3,KIA,5,KIA,KIA,0.6405313015597934
20250506LGOB02025,2025-05-06,잠실,두산,1,LG,5,LG,LG,0.5706271756764831
20250506NCKT02025,2025-05-06,수원,KT,3,NC,6,NC,KT,0.6019889051858456
20250506SKLT02025,2025-05-06,사직,롯데,6,SSG,0,롯데,SSG,0.5083586305491934
20250506SSHH02025,2025-05-06,대전,한화,3,삼성,1,한화,삼성,0.5126042846296845
20250507HTWO02025,2025-05-07,고척,키움,11,KIA,10,키움,KIA,0.582841540758426
20250507LGOB02025,2025-05-07,잠실,두산,5,LG,2,두산,LG,0.5412592540295907
20250507NCKT02025,2025-05-07,수원,KT,2,NC,12,NC,KT,0.7424846886308814
20250507SKLT02025,2025-05-07,사직,롯데,6,SSG,2,롯데,롯데,0.5413919554914496
20250507SSHH02025,2025-05-07,대전,한화,10,삼성,6,한화,삼성,0.5206968297022896
20250507SSHH02025,2025-05-07,대전,한화,10,삼성,6,한화,삼성,0.508246167382755
20250509HHWO02025,2025-05-09,고척,키움,5,한화,7,한화,한화,0.5338459122832528
20250510HHWO02025,2025-05-10,고척,키움,1,한화,9,한화,한화,0.5746794850965409
20250510LGSS12025,2025-05-10,대구,삼성,4,LG,5,LG,삼성,0.5762018833711933
20250510HTSK02025,2025-05-10,문학,SSG,4,KIA,5,KIA,KIA,0.5442574028622347
20250510LTKT02025,2025-05-10,수원,KT,5,롯데,8,롯데,KT,0.6419278213438013
20250510LGSS22025,2025-05-10,대구,삼성,1,LG,4,LG,삼성,0.5516600896048082
20250511HHWO02025,2025-05-11,고척,키움,0,한화,8,한화,한화,0.5898695212786054
20250511HTSK12025,2025-05-11,문학,SSG,8,KIA,4,SSG,KIA,0.5594406373106472
20250511LGSS02025,2025-05-11,대구,삼성,4,LG,7,LG,삼성,0.5443456804765924
20250511LTKT12025,2025-05-11,수원,KT,1,롯데,6,롯데,KT,0.58994988050042
20250511NCOB12025,2025-05-11,잠실,두산,5,NC,11,NC,두산,0.5656989542143325
20250511NCOB22025,2025-05-11,잠실,두산,2,NC,5,NC,두산,0.6121186621025888
20250511HTSK22025,2025-05-11,문학,SSG,5,KIA,1,SSG,KIA,0.5725785599498512
20250513KTSS02025,2025-05-13,포항,삼성,5,KT,3,삼성,삼성,0.5043037901829603
20250513KTSS02025,2025-05-13,포항,삼성,5,KT,3,삼성,KT,0.504351590849456
20250513LTHT02025,2025-05-13,광주,KIA,4,롯데,1,KIA,KIA,0.561174650804075
20250513NCSK02025,2025-05-13,문학,SSG,6,NC,3,SSG,SSG,0.5587282696403311
20250513OBHH02025,2025-05-13,대전,한화,3,두산,4,두산,한화,0.545001880630844
20250513WOLG02025,2025-05-13,잠실,LG,9,키움,6,LG,LG,0.6764801202015361
20250514KTSS02025,2025-05-14,포항,삼성,2,KT,3,KT,삼성,0.5332504849501857
20250514LTHT02025,2025-05-14,광주,KIA,0,롯데,4,롯데,KIA,0.6275765170091326
20250514NCSK02025,2025-05-14,문학,SSG,3,NC,6,NC,SSG,0.7227234198232805
20250514OBHH02025,2025-05-14,대전,한화,1,두산,7,두산,두산,0.5474523258475665
20250514WOLG02025,2025-05-14,잠실,LG,12,키움,0,LG,LG,0.5805164251542853
20250515KTSS02025,2025-05-15,포항,삼성,13,KT,0,삼성,삼성,0.601436963766185
20250515LTHT02025,2025-05-15,광주,KIA,7,롯데,6,KIA,KIA,0.7100806729015675
20250515NCSK02025,2025-05-15,문학,SSG,4,NC,0,SSG,SSG,0.6088560948077606
20250515OBHH02025,2025-05-15,대전,한화,2,두산,8,두산,한화,0.5554684075718574
20250515WOLG02025,2025-05-15,잠실,LG,6,키움,2,LG,LG,0.5963963928343453
20250517KTLG12025,2025-05-17,잠실,LG,4,KT,12,KT,KT,0.5149825559176149
20250517OBHT12025,2025-05-17,광주,KIA,5,두산,2,KIA,KIA,0.5912393118089941
20250517SKHH12025,2025-05-17,대전,한화,1,SSG,0,한화,한화,0.5029093006076318
20250517SSLT12025,2025-05-17,사직,롯데,7,삼성,5,롯데,삼성,0.537962407612519
20250517WONC12025,2025-05-17,울산,NC,3,키움,2,NC,NC,0.5971501922008148
20250517SKHH22025,2025-05-17,대전,한화,2,SSG,5,SSG,SSG,0.5009267440227139
20250517WONC22025,2025-05-17,울산,NC,2,키움,3,키움,NC,0.582261106193869
20250517OBHT22025,2025-05-17,광주,KIA,4,두산,1,KIA,KIA,0.5855278724877259
20250517SSLT22025,2025-05-17,사직,롯데,8,삼성,7,롯데,삼성,0.59214299287847
20250517KTLG22025,2025-05-17,잠실,LG,6,KT,7,KT,KT,0.5035043545479068
20250518KTLG02025,2025-05-18,잠실,LG,5,KT,1,LG,KT,0.5044982670725878
20250518OBHT02025,2025-05-18,광주,KIA,5,두산,4,KIA,KIA,0.5979965384587017
20250518SKHH02025,2025-05-18,대전,한화,3,SSG,7,SSG,한화,0.5137696663907013
20250518SSLT02025,2025-05-18,사직,롯데,6,삼성,3,롯데,롯데,0.5197218463266979
20250518SSLT02025,2025-05-18,사직,롯데,6,삼성,3,롯데,롯데,0.5323974380961795
20250518WONC02025,2025-05-18,울산,NC,5,키움,0,NC,NC,0.6381369349229922
20250520HHNC02025,2025-05-20,울산,NC,1,한화,4,한화,한화,0.6252625962841207
20250520HTKT02025,2025-05-20,수원,KT,5,KIA,3,KT,KIA,0.5739016087023492
20250520LGLT02025,2025-05-20,사직,롯데,9,LG,17,LG,LG,0.8208155579405186
20250520SKOB02025,2025-05-20,잠실,두산,3,SSG,5,SSG,두산,0.5102817513495215
20250520SSWO02025,2025-05-20,고척,키움,3,삼성,6,삼성,삼성,0.5375730050413645
20250521HHNC02025,2025-05-21,울산,NC,5,한화,2,NC,NC,0.5400148758686788
20250521HTKT02025,2025-05-21,수원,KT,3,KIA,1,KT,KIA,0.5897256207124358
20250521SKOB02025,2025-05-21,잠실,두산,1,SSG,9,SSG,두산,0.5024173594153333
20250521SSWO02025,2025-05-21,고척,키움,1,삼성,6,삼성,삼성,0.5595718874900861
20250522HHNC02025,2025-05-22,울산,NC,4,한화,3,NC,한화,0.5021145926590396
20250522HTKT02025,2025-05-22,수원,KT,3,KIA,8,KIA,KIA,0.529536005826988
20250522LGLT02025,2025-05-22,사직,롯데,11,LG,4,롯데,LG,0.6115462458360572
20250522SKOB02025,2025-05-22,잠실,두산,6,SSG,5,두산,두산,0.5297682428258697
20250522SSWO02025,2025-05-22,고척,키움,0,삼성,2,삼성,삼성,0.6190781722028099
20250523HTSS02025,2025-05-23,대구,삼성,6,KIA,7,KIA,KIA,0.5337469589993842
20250523KTWO02025,2025-05-23,고척,키움,5,KT,7,KT,KT,0.621726199465662
20250523LGSK02025,2025-05-23,문학,SSG,2,LG,3,LG,SSG,0.5084363220103079
20250523LTHH02025,2025-05-23,대전,한화,4,롯데,2,한화,한화,0.5447753839558755
20250524KTWO02025,2025-05-24,고척,키움,4,KT,10,KT,KT,0.6476806975596918
20250524LTHH02025,2025-05-24,대전,한화,6,롯데,8,롯데,롯데,0.5045941721042816
20250524HTSS02025,2025-05-24,대구,삼성,8,KIA,4,삼성,삼성,0.5156233063650042
20250524HTSS02025,2025-05-24,대구,삼성,8,KIA,4,삼성,삼성,0.5071615415779523
20250524LGSK02025,2025-05-24,문학,SSG,5,LG,4,SSG,LG,0.5181232338746258
20250524NCOB02025,2025-05-24,잠실,두산,1,NC,5,NC,두산,0.5199204532521134
20250525HTSS02025,2025-05-25,대구,삼성,3,KIA,2,삼성,삼성,0.5088513446642963
20250525KTWO02025,2025-05-25,고척,키움,0,KT,2,KT,KT,0.6185912133046819
20250525LGSK02025,2025-05-25,문학,SSG,3,LG,9,LG,SSG,0.5015206518808011
20250525LTHH02025,2025-05-25,대전,한화,8,롯데,7,한화,한화,0.5146597127490729
20250525NCOB02025,2025-05-25,잠실,두산,5,NC,3,두산,두산,0.6273871678992086
20250527HHLG02025,2025-05-27,잠실,LG,2,한화,1,LG,LG,0.5934298708549579
20250527LTSS02025,2025-05-27,대구,삼성,7,롯데,3,삼성,삼성,0.5952353141108763
20250527OBKT02025,2025-05-27,수원,KT,2,두산,1,KT,KT,0.5519226289822733
20250527WOHT02025,2025-05-27,광주,KIA,7,키움,5,KIA,KIA,0.6497697286328187
20250528HHLG02025,2025-05-28,잠실,LG,5,한화,6,한화,LG,0.5484962822643377
20250528NCSK02025,2025-05-28,문학,SSG,13,NC,5,SSG,SSG,0.7314222706852347
20250528OBKT02025,2025-05-28,수원,KT,3,두산,12,두산,KT,0.5435396976101072
20250528WOHT02025,2025-05-28,광주,KIA,13,키움,7,KIA,KIA,0.7041688895104472
20250529HHLG02025,2025-05-29,잠실,LG,3,한화,1,LG,LG,0.5228980332674431
20250529LTSS02025,2025-05-29,대구,삼성,9,롯데,3,삼성,삼성,0.6208440964024207
20250529NCSK02025,2025-05-29,문학,SSG,6,NC,5,SSG,SSG,0.5740890259839151
20250529OBKT02025,2025-05-29,수원,KT,12,두산,2,KT,KT,0.5351571048084293
20250530HHNC02025,2025-05-30,창원,NC,1,한화,7,한화,한화,0.500836281413726
20250530HTKT02025,2025-05-30,수원,KT,3,KIA,1,KT,KT,0.5192403768165581
20250530OBWO02025,2025-05-30,고척,키움,4,두산,9,두산,두산,0.5396917653814526
20250530SKLT02025,2025-05-30,사직,롯데,6,SSG,5,롯데,SSG,0.5043052808957458
20250530SSLG02025,2025-05-30,잠실,LG,3,삼성,4,삼성,LG,0.5682867138455352
20250530SSLG02025,2025-05-30,잠실,LG,3,삼성,4,삼성,LG,0.5806128814885843
20250531HHNC02025,2025-05-31,창원,NC,6,한화,9,한화,한화,0.5114576830403306
20250531HTKT02025,2025-05-31,수원,KT,5,KIA,1,KT,KIA,0.5259599253664766
20250531OBWO02025,2025-05-31,고척,키움,1,두산,0,키움,두산,0.5390808825006568
20250531SKLT02025,2025-05-31,사직,롯데,1,SSG,4,SSG,SSG,0.6087039756559811
20250531SSLG02025,2025-05-31,잠실,LG,2,삼성,4,삼성,LG,0.5353816451609176
20250601OBWO02025,2025-06-01,고척,키움,1,두산,0,키움,두산,0.5163447573512074
20250601HHNC02025,2025-06-01,창원,NC,16,한화,5,NC,한화,0.5631416193318146
20250601HTKT02025,2025-06-01,수원,KT,3,KIA,5,KIA,KIA,0.5689111452488554
20250601SKLT02025,2025-06-01,사직,롯데,3,SSG,4,SSG,SSG,0.5804808128795345
20250601SSLG02025,2025-06-01,잠실,LG,4,삼성,6,삼성,LG,0.5385956795230236
20250603KTHH02025,2025-06-03,대전,한화,10,KT,1,한화,한화,0.5422104987566003
20250603LGNC02025,2025-06-03,창원,NC,0,LG,15,LG,LG,0.5549552565125953
20250603HTOB02025,2025-06-03,잠실,두산,3,KIA,11,KIA,두산,0.5336130128278327
20250603SSSK02025,2025-06-03,문학,SSG,6,삼성,4,SSG,삼성,0.5263387221525331
20250603WOLT02025,2025-06-03,사직,롯데,8,키움,0,롯데,롯데,0.6716211302657239
20250604HTOB02025,2025-06-04,잠실,두산,3,KIA,8,KIA,KIA,0.5303983901923763
20250604KTHH02025,2025-06-04,대전,한화,4,KT,3,한화,한화,0.6155683148095686
20250604LGNC02025,2025-06-04,창원,NC,6,LG,5,NC,LG,0.5171621234594275
20250604SSSK02025,2025-06-04,문학,SSG,4,삼성,1,SSG,SSG,0.5619008134919976
20250604WOLT02025,2025-06-04,사직,롯데,6,키움,9,키움,롯데,0.6405843720923565
20250605HTOB02025,2025-06-05,잠실,두산,2,KIA,1,두산,두산,0.5440514162333692
20250605KTHH02025,2025-06-05,대전,한화,0,KT,7,KT,KT,0.5038562310504509
20250605LGNC02025,2025-06-05,창원,NC,1,LG,3,LG,LG,0.5704643846023296
20250605SSSK02025,2025-06-05,문학,SSG,1,삼성,3,삼성,SSG,0.6278890348457012
20250605SSSK02025,2025-06-05,문학,SSG,1,삼성,3,삼성,SSG,0.6390876953465241
20250605WOLT02025,2025-06-05,사직,롯데,5,키움,10,키움,롯데,0.6147665766169107
20250606HHHT02025,2025-06-06,광주,KIA,3,한화,2,KIA,KIA,0.5109152203013086
20250606LGWO02025,2025-06-06,고척,키움,2,LG,1,키움,LG,0.64762174963181
20250606LTOB02025,2025-06-06,잠실,두산,5,롯데,2,두산,두산,0.5122268737541731
20250606NCSS02025,2025-06-06,대구,삼성,7,NC,3,삼성,삼성,0.6181182009945004
20250606SKKT02025,2025-06-06,수원,KT,10,SSG,3,KT,KT,0.5461789589221185
20250607HHHT02025,2025-06-07,광주,KIA,2,한화,3,한화,KIA,0.5224683492507146
20250607LGWO02025,2025-06-07,고척,키움,4,LG,1,키움,LG,0.6122342662780315
20250607LTOB02025,2025-06-07,잠실,두산,4,롯데,9,롯데,두산,0.5292643939825004
20250607NCSS02025,2025-06-07,대구,삼성,7,NC,11,NC,삼성,0.568725089267918
20250607SKKT02025,2025-06-07,수원,KT,3,SSG,2,KT,SSG,0.5497427545477531
20250608LGWO02025,2025-06-08,고척,키움,2,LG,7,LG,LG,0.6425011085675318
20250608HHHT02025,2025-06-08,광주,KIA,7,한화,6,KIA,한화,0.6039670407131523
20250608LTOB02025,2025-06-08,잠실,두산,2,롯데,4,롯데,롯데,0.5525224824629686
20250608NCSS02025,2025-06-08,대구,삼성,1,NC,0,삼성,삼성,0.6414887635252629
20250608SKKT02025,2025-06-08,수원,KT,2,SSG,3,SSG,KT,0.5600421797398497
20250610LTKT02025,2025-06-10,수원,KT,12,롯데,3,KT,KT,0.5336677295207441
20250610OBHH02025,2025-06-10,대전,한화,6,두산,2,한화,한화,0.6110601431166971
20250610SKLG02025,2025-06-10,잠실,LG,2,SSG,6,SSG,LG,0.5697594776823044
20250610SSHT02025,2025-06-10,광주,KIA,0,삼성,8,삼성,KIA,0.5660899376886667
20250611LTKT02025,2025-06-11,수원,KT,3,롯데,4,롯데,KT,0.5551822089954727
20250611NCWO02025,2025-06-11,고척,키움,1,NC,7,NC,NC,0.582692261807972
20250611OBHH02025,2025-06-11,대전,한화,9,두산,1,한화,한화,0.5880522309526085
20250611SKLG02025,2025-06-11,잠실,LG,6,SSG,4,LG,LG,0.55559749650391
20250611SSHT02025,2025-06-11,광주,KIA,6,삼성,3,KIA,삼성,0.5001784250219679
20250612LTKT02025,2025-06-12,수원,KT,7,롯데,12,롯데,KT,0.664479204101288
20250612NCWO02025,2025-06-12,고척,키움,6,NC,8,NC,NC,0.5718853119277876
20250612OBHH02025,2025-06-12,대전,한화,3,두산,2,한화,두산,0.5040077435079657
20250612SKLG02025,2025-06-12,잠실,LG,8,SSG,6,LG,LG,0.6080832518649119
20250612SSHT02025,2025-06-12,광주,KIA,1,삼성,2,삼성,KIA,0.5342752743807455
20250612SSHT02025,2025-06-12,광주,KIA,1,삼성,2,삼성,KIA,0.5463603755476147
20250613HTNC02025,2025-06-13,창원,NC,4,KIA,1,NC,NC,0.5258785336806648
20250614HTNC02025,2025-06-14,창원,NC,8,KIA,9,KIA,NC,0.5225880157754706
20250614KTSS02025,2025-06-14,대구,삼성,3,KT,10,KT,삼성,0.5309935418270976
20250614LTSK02025,2025-06-14,문학,SSG,2,롯데,4,롯데,SSG,0.5047721759231051
20250614WOOB02025,2025-06-14,잠실,두산,4,키움,1,두산,두산,0.5735608030194167
20250615HTNC02025,2025-06-15,창원,NC,2,KIA,4,KIA,NC,0.54222845543727
20250615KTSS02025,2025-06-15,대구,삼성,4,KT,16,KT,삼성,0.5117628196543818
20250615LGHH02025,2025-06-15,대전,한화,10,LG,5,한화,한화,0.5088533663896196
20250615LTSK02025,2025-06-15,문학,SSG,1,롯데,0,SSG,SSG,0.630659255011188
20250615WOOB02025,2025-06-15,잠실,두산,3,키움,2,두산,두산,0.6230403030866882
20250617HHLT02025,2025-06-17,사직,롯데,0,한화,6,한화,한화,0.5981294325051083
20250617KTHT02025,2025-06-17,광주,KIA,10,KT,3,KIA,KT,0.5631769331793594
20250617NCLG02025,2025-06-17,잠실,LG,2,NC,6,NC,LG,0.5888880894735329
20250617OBSS02025,2025-06-17,대구,삼성,12,두산,1,삼성,삼성,0.5564848000187543
20250617SKWO02025,2025-06-17,고척,키움,1,SSG,11,SSG,SSG,0.6548686524746896
20250618HHLT02025,2025-06-18,사직,롯데,6,한화,3,롯데,롯데,0.5568738153527792
20250618KTHT02025,2025-06-18,광주,KIA,5,KT,3,KIA,KT,0.5276206305406785
20250618NCLG02025,2025-06-18,잠실,LG,9,NC,8,LG,LG,0.6429940770771532
20250618OBSS02025,2025-06-18,대구,삼성,6,두산,3,삼성,삼성,0.5540873135480716
20250618OBSS02025,2025-06-18,대구,삼성,6,두산,3,삼성,삼성,0.54012786831454
20250618SKWO02025,2025-06-18,고척,키움,3,SSG,2,키움,SSG,0.5525572416931052
20250619HHLT02025,2025-06-19,사직,롯데,4,한화,3,롯데,한화,0.5149449353390005
20250619KTHT02025,2025-06-19,광주,KIA,5,KT,0,KIA,KIA,0.613343364793841
20250619NCLG02025,2025-06-19,잠실,LG,0,NC,3,NC,LG,0.5237403481890521
20250619OBSS02025,2025-06-19,대구,삼성,8,두산,9,두산,삼성,0.5350357813698802
20250619SKWO02025,2025-06-19,고척,키움,2,SSG,4,SSG,SSG,0.6307772695641366
20250620SSLT02025,2025-06-20,사직,롯데,3,삼성,1,롯데,롯데,0.5808623727309288
20250621NCKT02025,2025-06-21,수원,KT,7,NC,5,KT,KT,0.568094090061993
20250621OBLG02025,2025-06-21,잠실,LG,5,두산,6,두산,LG,0.6438217825268698
20250622HTSK02025,2025-06-22,문학,SSG,4,KIA,5,KIA,SSG,0.6041777419584974
20250622NCKT02025,2025-06-22,수원,KT,0,NC,2,NC,KT,0.554296072644671
20250622OBLG02025,2025-06-22,잠실,LG,13,두산,5,LG,LG,0.5838060786040471
20250622SSLT02025,2025-06-22,사직,롯데,9,삼성,6,롯데,삼성,0.5441576732759943
20250622WOHH02025,2025-06-22,대전,한화,10,키움,4,한화,한화,0.6679459303905758
20250624HTWO02025,2025-06-24,고척,키움,9,KIA,6,키움,KIA,0.528592538076632
20250624LGKT02025,2025-06-24,수원,KT,5,LG,0,KT,LG,0.5195292336619675
20250624SKOB02025,2025-06-24,잠실,두산,5,SSG,0,두산,SSG,0.5734023409009115
20250625HHSS02025,2025-06-25,대구,삼성,7,한화,2,삼성,한화,0.533184937535918
20250625HTWO02025,2025-06-25,고척,키움,3,KIA,6,KIA,KIA,0.5523658698322134
20250625LTNC02025,2025-06-25,창원,NC,7,롯데,2,NC,NC,0.513443379092558
20250626HHSS02025,2025-06-26,대구,삼성,1,한화,3,한화,삼성,0.5165287839026039
20250626LGKT02025,2025-06-26,수원,KT,3,LG,4,LG,LG,0.5392151731567154
20250626LTNC02025,2025-06-26,창원,NC,6,롯데,7,롯데,롯데,0.5258246982024388
20250626SKOB02025,2025-06-26,잠실,두산,1,SSG,4,SSG,두산,0.5121615620301473
20250627HHSK02025,2025-06-27,문학,SSG,8,한화,6,SSG,SSG,0.5538946815185372
20250627HTLG02025,2025-06-27,잠실,LG,4,KIA,3,LG,LG,0.6221368489194284
20250627KTLT02025,2025-06-27,사직,롯데,8,KT,11,KT,KT,0.5316422808827033
20250627OBNC02025,2025-06-27,창원,NC,10,두산,9,NC,NC,0.5630088967137487
20250627SSWO02025,2025-06-27,고척,키움,5,삼성,4,키움,삼성,0.589275620760553
20250628HHSK02025,2025-06-28,문학,SSG,2,한화,5,한화,한화,0.5116537465164936
20250628HTLG02025,2025-06-28,잠실,LG,8,KIA,9,KIA,LG,0.6094135948508168
20250628KTLT02025,2025-06-28,사직,롯데,0,KT,4,KT,롯데,0.5096319182309016
20250628OBNC02025,2025-06-28,창원,NC,3,두산,1,NC,NC,0.5374695809569356
20250628SSWO02025,2025-06-28,고척,키움,9,삼성,0,키움,삼성,0.5770871730315362
20250629SSWO02025,2025-06-29,고척,키움,10,삼성,7,키움,삼성,0.5154418628878763
20250629SSWO02025,2025-06-29,고척,키움,10,삼성,7,키움,키움,0.500132098293717
20250629HHSK02025,2025-06-29,문학,SSG,2,한화,0,SSG,SSG,0.5284861094748206
20250629HTLG02025,2025-06-29,잠실,LG,2,KIA,12,KIA,LG,0.6668960553360727
20250629KTLT02025,2025-06-29,사직,롯데,10,KT,5,롯데,KT,0.5715306868357868
20250629OBNC02025,2025-06-29,창원,NC,3,두산,7,두산,NC,0.5001244248783941
20250701LGLT02025,2025-07-01,사직,롯데,2,LG,3,LG,LG,0.5852430188595983
20250701NCHH02025,2025-07-01,대전,한화,8,NC,4,한화,한화,0.5909810457304079
20250701SKHT02025,2025-07-01,광주,KIA,3,SSG,2,KIA,SSG,0.5505539364479468
20250701SSOB02025,2025-07-01,잠실,두산,1,삼성,4,삼성,삼성,0.5888529694405427
20250701WOKT02025,2025-07-01,수원,KT,3,키움,7,키움,KT,0.7016161317513714
20250702LGLT02025,2025-07-02,사직,롯데,5,LG,2,롯데,LG,0.5459740293894029
20250702NCHH02025,2025-07-02,대전,한화,0,NC,2,NC,한화,0.5969922906368206
20250702SKHT02025,2025-07-02,광주,KIA,5,SSG,8,SSG,SSG,0.5458442452826406
20250702SSOB02025,2025-07-02,잠실,두산,5,삼성,0,두산,삼성,0.5273826573723732
20250702WOKT02025,2025-07-02,수원,KT,4,키움,2,KT,KT,0.6244057902488984
20250703LGLT02025,2025-07-03,사직,롯데,2,LG,0,롯데,LG,0.5745586495117876
20250703SKHT02025,2025-07-03,광주,KIA,3,SSG,2,KIA,KIA,0.5145796246944498
20250703SSOB02025,2025-07-03,잠실,두산,4,삼성,6,삼성,삼성,0.5060669239006204
20250703WOKT02025,2025-07-03,수원,KT,6,키움,2,KT,KT,0.6658873574581933
20250704HHWO02025,2025-07-04,고척,키움,1,한화,2,한화,한화,0.6488256723388109
20250704KTOB02025,2025-07-04,잠실,두산,3,KT,6,KT,두산,0.5191802130918085
20250704LGSS02025,2025-07-04,대구,삼성,4,LG,1,삼성,LG,0.5365215238234686
20250704LGSS02025,2025-07-04,대구,삼성,4,LG,1,삼성,LG,0.5533960052319888
20250704LTHT02025,2025-07-04,광주,KIA,7,롯데,5,KIA,KIA,0.5488318431918444
20250704SKNC02025,2025-07-04,창원,NC,0,SSG,4,SSG,SSG,0.5277970502608335
20250705HHWO02025,2025-07-05,고척,키움,4,한화,6,한화,한화,0.6168679730578613
20250705KTOB02025,2025-07-05,잠실,두산,6,KT,2,두산,KT,0.5744454709544234
20250705LGSS02025,2025-07-05,대구,삼성,7,LG,6,삼성,LG,0.5620519568446803
20250705LTHT02025,2025-07-05,광주,KIA,13,롯데,0,KIA,KIA,0.5117181266404044
20250705SKNC02025,2025-07-05,창원,NC,1,SSG,6,SSG,SSG,0.5923568202830221
20250706HHWO02025,2025-07-06,고척,키움,1,한화,10,한화,한화,0.7072656457695498
20250706KTOB02025,2025-07-06,잠실,두산,8,KT,7,두산,KT,0.5678409716666961
20250706LGSS02025,2025-07-06,대구,삼성,2,LG,4,LG,LG,0.5173077396855804
20250706LTHT02025,2025-07-06,광주,KIA,2,롯데,5,롯데,롯데,0.5744909868583526
20250706SKNC02025,2025-07-06,창원,NC,3,SSG,2,NC,NC,0.5391938419274944
20250708HTHH02025,2025-07-08,대전,한화,14,KIA,8,한화,한화,0.6300159690220766
20250708KTSK02025,2025-07-08,문학,SSG,7,KT,1,SSG,SSG,0.6042018333607386
20250708OBLT02025,2025-07-08,사직,롯데,5,두산,8,두산,롯데,0.5845683960076349
20250708SSNC02025,2025-07-08,창원,NC,10,삼성,9,NC,삼성,0.5513814050786272
20250708WOLG02025,2025-07-08,잠실,LG,4,키움,3,LG,LG,0.6622560978028192
20250709HTHH02025,2025-07-09,대전,한화,7,KIA,4,한화,한화,0.5554391090412344
20250709KTSK02025,2025-07-09,문학,SSG,3,KT,10,KT,SSG,0.5138644990000917
20250709OBLT02025,2025-07-09,사직,롯데,5,두산,4,롯데,롯데,0.5212906850262872
20250709SSNC02025,2025-07-09,창원,NC,3,삼성,0,NC,NC,0.5437186536503864
20250709WOLG02025,2025-07-09,잠실,LG,12,키움,6,LG,LG,0.6952910776974968
20250710HTHH02025,2025-07-10,대전,한화,3,KIA,2,한화,한화,0.5349920749885745
20250710KTSK02025,2025-07-10,문학,SSG,2,KT,4,KT,SSG,0.596840127308686
20250710OBLT02025,2025-07-10,사직,롯데,0,두산,9,두산,롯데,0.5028434283440267
20250710SSNC02025,2025-07-10,창원,NC,7,삼성,5,NC,NC,0.5817767200821161
20250710SSNC02025,2025-07-10,창원,NC,7,삼성,5,NC,NC,0.5945272595005789
20250710WOLG02025,2025-07-10,잠실,LG,3,키움,4,키움,LG,0.626696710671839
99990712EAWE02025,2025-07-12,대전,나눔,8,드림,6,나눔,나눔,0.5206400764414135
20250718HHKT02025,2025-07-18,수원,KT,0,한화,5,한화,한화,0.5931924044997223
20250718LTLG02025,2025-07-18,잠실,LG,2,롯데,1,LG,LG,0.5415727885859506
20250719HHKT02025,2025-07-19,수원,KT,5,한화,6,한화,한화,0.5434978135873363
20250719LTLG02025,2025-07-19,잠실,LG,1,롯데,6,롯데,LG,0.5875048693624858
20250719OBSK02025,2025-07-19,문학,SSG,0,두산,5,두산,SSG,0.5997133379779711
20250720HHKT02025,2025-07-20,수원,KT,0,한화,10,한화,한화,0.5370718605585769
20250720LTLG02025,2025-07-20,잠실,LG,3,롯데,2,LG,LG,0.6172827747703487
20250720NCHT02025,2025-07-20,광주,KIA,3,NC,2,KIA,NC,0.5583164611911742
20250720OBSK02025,2025-07-20,문학,SSG,1,두산,2,두산,SSG,0.571552019427633
20250720WOSS02025,2025-07-20,대구,삼성,15,키움,10,삼성,삼성,0.656056826739474
20250722HHOB02025,2025-07-22,잠실,두산,1,한화,2,한화,한화,0.5343797445364463
20250722KTNC02025,2025-07-22,창원,NC,0,KT,7,KT,NC,0.537780815083613
20250722LGHT02025,2025-07-22,광주,KIA,7,LG,9,LG,KIA,0.5072578261763968
20250722LTWO02025,2025-07-22,고척,키움,6,롯데,3,키움,롯데,0.5614405515288471
20250722SKSS02025,2025-07-22,대구,삼성,7,SSG,5,삼성,SSG,0.5017760832540267
20250723HHOB02025,2025-07-23,잠실,두산,13,한화,2,두산,한화,0.5546725289534993
20250723KTNC02025,2025-07-23,창원,NC,2,KT,9,KT,KT,0.5059152065559771
20250723LGHT02025,2025-07-23,광주,KIA,5,LG,6,LG,LG,0.5999980390880364
20250723LTWO02025,2025-07-23,고척,키움,1,롯데,4,롯데,롯데,0.5449989736528968
20250723SKSS02025,2025-07-23,대구,삼성,9,SSG,0,삼성,삼성,0.564051381553963
20250724KTNC02025,2025-07-24,창원,NC,4,KT,5,KT,NC,0.5597304696369831
20250724LGHT02025,2025-07-24,광주,KIA,0,LG,8,LG,LG,0.5506316312685905
20250724LTWO02025,2025-07-24,고척,키움,0,롯데,4,롯데,롯데,0.6285642538385077
20250724SKSS02025,2025-07-24,대구,삼성,1,SSG,3,SSG,삼성,0.5342167193402221
20250725HTLT02025,2025-07-25,사직,롯데,7,KIA,4,롯데,롯데,0.6293694811713858
20250725LGOB02025,2025-07-25,잠실,두산,5,LG,6,LG,LG,0.5934486207791875
20250725SKHH02025,2025-07-25,대전,한화,4,SSG,0,한화,한화,0.5486760748347219
20250725SSKT02025,2025-07-25,수원,KT,8,삼성,5,KT,KT,0.5838959306622533
20250725WONC02025,2025-07-25,창원,NC,16,키움,7,NC,NC,0.6095873024076938
20250726HTLT02025,2025-07-26,사직,롯데,9,KIA,4,롯데,롯데,0.611428561589303
20250726LGOB02025,2025-07-26,잠실,두산,3,LG,4,LG,LG,0.5939625300434515
20250726SKHH02025,2025-07-26,대전,한화,3,SSG,9,SSG,한화,0.5746424403517925
20250726SSKT02025,2025-07-26,수원,KT,0,삼성,11,삼성,삼성,0.5294442519870333
20250726WONC02025,2025-07-26,창원,NC,8,키움,6,NC,NC,0.6007293354169183
20250727HTLT02025,2025-07-27,사직,롯데,5,KIA,3,롯데,롯데,0.5066441054776571
20250727LGOB02025,2025-07-27,잠실,두산,9,LG,6,두산,두산,0.5111896288613854
20250727SKHH02025,2025-07-27,대전,한화,2,SSG,3,SSG,SSG,0.515600587165221
20250727SSKT02025,2025-07-27,수원,KT,4,삼성,3,KT,삼성,0.5066318988918854
20250727WONC02025,2025-07-27,창원,NC,12,키움,4,NC,NC,0.6731764977374354
20250729KTLG02025,2025-07-29,잠실,LG,8,KT,2,LG,LG,0.6029263404006274
20250729NCLT02025,2025-07-29,사직,롯데,6,NC,4,롯데,NC,0.5350916431159434
20250729OBHT02025,2025-07-29,광주,KIA,6,두산,9,두산,KIA,0.5518022082001698
20250729SSHH02025,2025-07-29,대전,한화,2,삼성,9,삼성,삼성,0.5078159802932942
20250729WOSK02025,2025-07-29,문학,SSG,9,키움,3,SSG,SSG,0.646556508937461
20250730KTLG02025,2025-07-30,잠실,LG,5,KT,0,LG,LG,0.5229046611826161
20250730NCLT02025,2025-07-30,사직,롯데,4,NC,9,NC,롯데,0.5673950940507106
20250730SSHH02025,2025-07-30,대전,한화,5,삼성,0,한화,한화,0.6146062671657836
20250731KTLG02025,2025-07-31,잠실,LG,18,KT,0,LG,KT,0.510739600752018
20250731NCLT02025,2025-07-31,사직,롯데,11,NC,5,롯데,롯데,0.576391966191514
20250731OBHT02025,2025-07-31,광주,KIA,3,두산,2,KIA,두산,0.5499795421115483
20250731SSHH02025,2025-07-31,대전,한화,7,삼성,1,한화,한화,0.618741427722808
20250731WOSK02025,2025-07-31,문학,SSG,4,키움,2,SSG,SSG,0.7241129328071254
20250801HHHT02025,2025-08-01,광주,KIA,3,한화,2,KIA,한화,0.6189244472227304
20250801KTNC02025,2025-08-01,창원,NC,5,KT,3,NC,NC,0.5071221589851849
20250801LGSS02025,2025-08-01,대구,삼성,2,LG,4,LG,삼성,0.5207119752760833
20250801LTWO02025,2025-08-01,고척,키움,2,롯데,0,키움,롯데,0.5143275847825095
20250801SKOB02025,2025-08-01,잠실,두산,2,SSG,7,SSG,SSG,0.5150516561937524
20250802KTNC02025,2025-08-02,창원,NC,7,KT,6,NC,NC,0.6102202138019136
20250802LGSS02025,2025-08-02,대구,삼성,2,LG,3,LG,LG,0.551627619349986
20250802LTWO02025,2025-08-02,고척,키움,2,롯데,3,롯데,롯데,0.6104001549110134
20250802SKOB02025,2025-08-02,잠실,두산,5,SSG,4,두산,SSG,0.5464305302745123
20250803LTWO02025,2025-08-03,고척,키움,3,롯데,9,롯데,롯데,0.7340593904395528
20250803LGSS02025,2025-08-03,대구,삼성,3,LG,6,LG,LG,0.5349966054219133
20250803SKOB02025,2025-08-03,잠실,두산,2,SSG,3,SSG,SSG,0.5473194662601173
20250805HTLT02025,2025-08-05,사직,롯데,0,KIA,2,KIA,롯데,0.5259445769770835
20250805KTHH02025,2025-08-05,대전,한화,2,KT,5,KT,KT,0.5022352024543195
20250805OBLG02025,2025-08-05,잠실,LG,4,두산,2,LG,LG,0.5991258815903415
20250805SSSK02025,2025-08-05,문학,SSG,2,삼성,6,삼성,SSG,0.5493098193212886
20250805WONC02025,2025-08-05,창원,NC,5,키움,8,키움,NC,0.631833246373522
20250806HTLT02025,2025-08-06,사직,롯데,7,KIA,1,롯데,롯데,0.5290978718525895
20250806KTHH02025,2025-08-06,대전,한화,5,KT,4,한화,한화,0.6603762262575245
20250806OBLG02025,2025-08-06,잠실,LG,8,두산,10,두산,LG,0.5315449799585406
20250806SSSK02025,2025-08-06,문학,SSG,5,삼성,4,SSG,SSG,0.6389629948526246
20250806SSSK02025,2025-08-06,문학,SSG,5,삼성,4,SSG,SSG,0.6499100015649419
20250806WONC02025,2025-08-06,창원,NC,5,키움,9,키움,NC,0.615340912417072
20250807HTLT02025,2025-08-07,사직,롯데,5,KIA,6,KIA,롯데,0.5420391391970272
20250807KTHH02025,2025-08-07,대전,한화,4,KT,5,KT,한화,0.6088399762595186
20250807OBLG02025,2025-08-07,잠실,LG,4,두산,3,LG,LG,0.5902339231264793
20250807SSSK02025,2025-08-07,문학,SSG,1,삼성,6,삼성,삼성,0.5263387221525331
20250807WONC02025,2025-08-07,창원,NC,12,키움,13,키움,NC,0.6007293354169183
20250808HHLG02025,2025-08-08,잠실,LG,2,한화,1,LG,LG,0.5137855378377464
20250808HTNC02025,2025-08-08,창원,NC,5,KIA,4,NC,NC,0.59804593659787
20250808OBWO02025,2025-08-08,고척,키움,2,두산,9,두산,두산,0.6089966728533358
20250808SKLT02025,2025-08-08,사직,롯데,0,SSG,1,SSG,SSG,0.5077488764956665
20250808SSKT02025,2025-08-08,수원,KT,4,삼성,8,삼성,삼성,0.5002718506321497
20250809HHLG02025,2025-08-09,잠실,LG,8,한화,1,LG,LG,0.6180959918785934
20250809OBWO02025,2025-08-09,고척,키움,4,두산,6,두산,두산,0.5110172094160766
20250809SSKT02025,2025-08-09,수원,KT,3,삼성,1,KT,KT,0.5414553492795452
20250810OBWO02025,2025-08-10,고척,키움,4,두산,3,키움,두산,0.5244017897593938
20250810HHLG02025,2025-08-10,잠실,LG,4,한화,5,한화,LG,0.5138233689535812
20250810HTNC02025,2025-08-10,창원,NC,16,KIA,12,NC,NC,0.655532443853286
20250810SKLT02025,2025-08-10,사직,롯데,1,SSG,10,SSG,SSG,0.5063351118497066
20250810SSKT02025,2025-08-10,수원,KT,9,삼성,2,KT,KT,0.5747447274500893
20250812HTSS02025,2025-08-12,대구,삼성,1,KIA,5,KIA,삼성,0.5106356659960524
20250812HTSS02025,2025-08-12,대구,삼성,1,KIA,5,KIA,KIA,0.5098614530866616
20250812LGKT02025,2025-08-12,수원,KT,2,LG,11,LG,LG,0.532390077968161
20250812LTHH02025,2025-08-12,대전,한화,2,롯데,0,한화,한화,0.5761840619455407
20250812NCOB02025,2025-08-12,잠실,두산,2,NC,3,NC,두산,0.5678914217977628
20250812WOSK02025,2025-08-12,문학,SSG,3,키움,1,SSG,SSG,0.7139555674694927
20250813HTSS02025,2025-08-13,대구,삼성,1,KIA,9,KIA,삼성,0.5934324291025793
20250813LTHH02025,2025-08-13,대전,한화,6,롯데,0,한화,한화,0.5902336639743294
20250814HTSS02025,2025-08-14,대구,삼성,4,KIA,10,KIA,삼성,0.618373977676295
20250814LTHH02025,2025-08-14,대전,한화,5,롯데,4,한화,한화,0.5675902409052116
20250814NCOB02025,2025-08-14,잠실,두산,6,NC,5,두산,NC,0.5493219173991299
20250814WOSK02025,2025-08-14,문학,SSG,0,키움,2,키움,SSG,0.6120005172563665
20250815HHNC02025,2025-08-15,창원,NC,2,한화,9,한화,한화,0.5025992449250654
20250815HTOB02025,2025-08-15,잠실,두산,6,KIA,5,두산,두산,0.5738476535786053
20250815KTWO02025,2025-08-15,고척,키움,7,KT,3,키움,KT,0.5638487077655612
20250815LGSK02025,2025-08-15,문학,SSG,3,LG,5,LG,LG,0.5106571678376484
20250815SSLT02025,2025-08-15,사직,롯데,4,삼성,10,삼성,삼성,0.5542854596450086
20250816HHNC02025,2025-08-16,창원,NC,9,한화,6,NC,한화,0.5310151433524795
20250816HTOB02025,2025-08-16,잠실,두산,4,KIA,3,두산,두산,0.6187863762147605
20250816KTWO02025,2025-08-16,고척,키움,4,KT,3,키움,KT,0.6149069986670579
20250816LGSK02025,2025-08-16,문학,SSG,10,LG,7,SSG,SSG,0.5026505695941272
20250816SSLT02025,2025-08-16,사직,롯데,1,삼성,4,삼성,롯데,0.5116279845108804
20250817KTWO02025,2025-08-17,고척,키움,3,KT,5,KT,KT,0.6458875618294263
20250817HHNC02025,2025-08-17,창원,NC,9,한화,4,NC,한화,0.5533840065249879
20250817HTOB02025,2025-08-17,잠실,두산,4,KIA,2,두산,KIA,0.5387547096405761
20250817LGSK02025,2025-08-17,문학,SSG,1,LG,6,LG,LG,0.5083237616206138
20250819LTLG02025,2025-08-19,잠실,LG,5,롯데,2,LG,LG,0.5307801299151081
20250819OBHH02025,2025-08-19,대전,한화,5,두산,6,두산,한화,0.6110601431166971
20250819SKKT02025,2025-08-19,수원,KT,5,SSG,4,KT,KT,0.5282160307637255
20250819SSNC02025,2025-08-19,창원,NC,2,삼성,6,삼성,삼성,0.5182157378437604
20250819WOHT02025,2025-08-19,광주,KIA,12,키움,9,KIA,KIA,0.6760903580948501
20250820LTLG02025,2025-08-20,잠실,LG,5,롯데,3,LG,LG,0.567327111145094
20250820OBHH02025,2025-08-20,대전,한화,9,두산,13,두산,한화,0.5860254590871714
20250820SKKT02025,2025-08-20,수원,KT,3,SSG,5,SSG,SSG,0.5228652969822458
20250820SSNC02025,2025-08-20,창원,NC,3,삼성,4,삼성,삼성,0.5490927261650099
20250820WOHT02025,2025-08-20,광주,KIA,1,키움,6,키움,KIA,0.5858680692092678
20250821OBHH02025,2025-08-21,대전,한화,3,두산,6,두산,한화,0.5567393819459973
20250821SKKT02025,2025-08-21,수원,KT,1,SSG,7,SSG,SSG,0.5497427545477531
20250821SSNC02025,2025-08-21,창원,NC,7,삼성,5,NC,삼성,0.5011352743308929
20250821WOHT02025,2025-08-21,광주,KIA,10,키움,11,키움,KIA,0.584360978328889
20250822KTOB02025,2025-08-22,잠실,두산,8,KT,13,KT,KT,0.5921814360520847
20250822LGHT02025,2025-08-22,광주,KIA,2,LG,14,LG,LG,0.5927787726222893
20250822LTNC02025,2025-08-22,창원,NC,7,롯데,6,NC,NC,0.5378564042610949
20250822SKHH02025,2025-08-22,대전,한화,0,SSG,1,SSG,한화,0.587488410244561
20250822WOSS02025,2025-08-22,대구,삼성,8,키움,2,삼성,삼성,0.6248723043527864
20250823KTOB02025,2025-08-23,잠실,두산,2,KT,6,KT,KT,0.5875077368789328
20250823LGHT02025,2025-08-23,광주,KIA,2,LG,6,LG,LG,0.5220075454627912
20250823LTNC02025,2025-08-23,창원,NC,4,롯데,1,NC,롯데,0.5521488208062093
20250823SKHH02025,2025-08-23,대전,한화,5,SSG,0,한화,SSG,0.528452921430147
20250823WOSS02025,2025-08-23,대구,삼성,12,키움,8,삼성,삼성,0.6461138546498513
20250823WOSS02025,2025-08-23,대구,삼성,12,키움,8,삼성,삼성,0.6335178758180254
20250824KTOB02025,2025-08-24,잠실,두산,2,KT,3,KT,두산,0.5043478549032028
20250824LGHT02025,2025-08-24,광주,KIA,1,LG,2,LG,LG,0.5062135850562357
20250824LTNC02025,2025-08-24,창원,NC,5,롯데,17,롯데,롯데,0.5676424656734518
20250824SKHH02025,2025-08-24,대전,한화,5,SSG,2,한화,한화,0.6394989157949649
20250824WOSS02025,2025-08-24,대구,삼성,7,키움,4,삼성,삼성,0.7128362040435884
20250826HHWO02025,2025-08-26,고척,키움,1,한화,3,한화,한화,0.6059920295350776
20250826HTSK02025,2025-08-26,문학,SSG,9,KIA,5,SSG,SSG,0.5859553431984788
20250826KTLT02025,2025-08-26,사직,롯데,4,KT,3,롯데,롯데,0.5096319182309016
20250826LGNC02025,2025-08-26,창원,NC,9,LG,7,NC,LG,0.5171621234594275
20250826SSOB02025,2025-08-26,잠실,두산,2,삼성,6,삼성,삼성,0.5608409030705261
20250827HHWO02025,2025-08-27,고척,키움,1,한화,3,한화,한화,0.6039621543154219
20250827HTSK02025,2025-08-27,문학,SSG,2,KIA,4,KIA,SSG,0.6532593030600049
20250827KTLT02025,2025-08-27,사직,롯데,2,KT,7,KT,KT,0.5222572480501941
20250827LGNC02025,2025-08-27,창원,NC,1,LG,10,LG,LG,0.627946523377526
20250827SSOB02025,2025-08-27,잠실,두산,1,삼성,14,삼성,삼성,0.6187757799143488
20250828HHWO02025,2025-08-28,고척,키움,3,한화,9,한화,한화,0.6589947643117946
20250828HTSK02025,2025-08-28,문학,SSG,6,KIA,10,KIA,SSG,0.6740321103406319
20250828KTLT02025,2025-08-28,사직,롯데,3,KT,2,롯데,KT,0.5398015543017205
20250828LGNC02025,2025-08-28,창원,NC,3,LG,4,LG,LG,0.5176970897732678
20250828SSOB02025,2025-08-28,잠실,두산,7,삼성,6,두산,삼성,0.5164636410927322
20250829HTKT02025,2025-08-29,수원,KT,1,KIA,10,KIA,KT,0.5585975987268147
20250829NCSK02025,2025-08-29,문학,SSG,8,NC,0,SSG,SSG,0.6368600942973475
20250829OBLT02025,2025-08-29,사직,롯데,1,두산,7,두산,롯데,0.5217119461615419
20250829SSHH02025,2025-08-29,대전,한화,3,삼성,5,삼성,한화,0.5764047786958639
20250829SSHH02025,2025-08-29,대전,한화,3,삼성,5,삼성,한화,0.5874647797385668
20250829WOLG02025,2025-08-29,잠실,LG,2,키움,3,키움,LG,0.704570577102471
20250830HTKT02025,2025-08-30,수원,KT,8,KIA,2,KT,KT,0.5099163469975299
20250830NCSK02025,2025-08-30,문학,SSG,2,NC,12,NC,SSG,0.5075100638167378
20250830SSHH02025,2025-08-30,대전,한화,0,삼성,4,삼성,한화,0.559526630497317
20250830WOLG02025,2025-08-30,잠실,LG,6,키움,5,LG,LG,0.7132990375673267
20250831HTKT02025,2025-08-31,수원,KT,7,KIA,6,KT,KT,0.5765412507632418
20250831NCSK02025,2025-08-31,문학,SSG,10,NC,8,SSG,SSG,0.5083744714877299
20250831OBLT02025,2025-08-31,사직,롯데,5,두산,1,롯데,롯데,0.5436249143261045
20250831SSHH02025,2025-08-31,대전,한화,3,삼성,5,삼성,한화,0.5109644979740641
20250831WOLG02025,2025-08-31,잠실,LG,5,키움,6,키움,LG,0.6413936203015315
20250902HTHH02025,2025-09-02,대전,한화,21,KIA,3,한화,한화,0.6240364270116349
20250902LTLG02025,2025-09-02,잠실,LG,3,롯데,2,LG,LG,0.6107295179654574
20250902NCKT02025,2025-09-02,수원,KT,4,NC,9,NC,KT,0.6655169209487444
20250902WOSK02025,2025-09-02,문학,SSG,6,키움,1,SSG,SSG,0.6767972080365369
20250903LTKT02025,2025-09-03,수원,KT,9,롯데,8,KT,KT,0.5551822089954727
20250903NCHH02025,2025-09-03,대전,한화,6,NC,5,한화,한화,0.5967637670149839
20250903SKHT02025,2025-09-03,광주,KIA,1,SSG,2,SSG,KIA,0.5350894285376094
20250903WOSS02025,2025-09-03,대구,삼성,3,키움,4,키움,삼성,0.6501876950031964
20250904LGKT02025,2025-09-04,수원,KT,8,LG,10,LG,LG,0.5382049145052772
20250904OBNC02025,2025-09-04,창원,NC,3,두산,12,두산,NC,0.5215386410129816
20250905LTSK02025,2025-09-05,문학,SSG,7,롯데,5,SSG,SSG,0.563564432392452
20250905OBNC02025,2025-09-05,창원,NC,3,두산,9,두산,NC,0.5374695809569356
20250905WOSS02025,2025-09-05,대구,삼성,8,키움,3,삼성,삼성,0.6641076657249161
20250906HHSS02025,2025-09-06,대구,삼성,4,한화,7,한화,한화,0.5521006500162697
20250906HHSS02025,2025-09-06,대구,삼성,4,한화,7,한화,한화,0.5677356152964625
20250906HTNC02025,2025-09-06,창원,NC,4,KIA,8,KIA,NC,0.5454332554289701
20250907HHSS02025,2025-09-07,대구,삼성,4,한화,3,삼성,삼성,0.5452319577245687
20250907HTNC02025,2025-09-07,창원,NC,2,KIA,1,NC,NC,0.6123075054547014
20250907SKLG02025,2025-09-07,잠실,LG,3,SSG,7,SSG,LG,0.5892062803500918
20250909HHLT02025,2025-09-09,사직,롯데,1,한화,9,한화,한화,0.6277442367773338
20250909LGWO02025,2025-09-09,고척,키움,11,LG,2,키움,LG,0.5950228623489331
20250909OBKT02025,2025-09-09,수원,KT,8,두산,1,KT,KT,0.5729245580337258
20250910HHLT02025,2025-09-10,사직,롯데,0,한화,13,한화,한화,0.539554080241025
20250910LGOB02025,2025-09-10,잠실,두산,4,LG,8,LG,LG,0.5414901845364728
20250910SKNC02025,2025-09-10,창원,NC,5,SSG,4,NC,SSG,0.5455401654080037
20250910SSHT02025,2025-09-10,광주,KIA,4,삼성,0,KIA,KIA,0.5081565002198701
20250911KTLG02025,2025-09-11,잠실,LG,4,KT,6,KT,LG,0.5402402005969129
20250911LTHT02025,2025-09-11,광주,KIA,3,롯데,4,롯데,롯데,0.5034840268771699
20250911NCWO02025,2025-09-11,고척,키움,4,NC,1,키움,NC,0.5823742963262657
20250911SKSS02025,2025-09-11,대구,삼성,4,SSG,8,SSG,삼성,0.5311930097976579
20250912OBHT02025,2025-09-12,광주,KIA,5,두산,4,KIA,KIA,0.5441475594479753
20250913HTLG02025,2025-09-13,잠실,LG,3,KIA,6,KIA,LG,0.6898618391066572
20250913KTSS02025,2025-09-13,대구,삼성,3,KT,5,KT,삼성,0.5498673365526545
20250913OBNC02025,2025-09-13,창원,NC,6,두산,4,NC,NC,0.5215386410129816
20250913SKLT02025,2025-09-13,사직,롯데,12,SSG,11,롯데,롯데,0.5319059227682006
20250913WOHH02025,2025-09-13,대전,한화,10,키움,5,한화,한화,0.6777965798484427
20250914HTLG02025,2025-09-14,잠실,LG,14,KIA,0,LG,LG,0.614079872095644
20250914KTSS02025,2025-09-14,대구,삼성,6,KT,2,삼성,삼성,0.5098937836513647
20250914KTSS02025,2025-09-14,대구,삼성,6,KT,2,삼성,KT,0.5065123690806987
20250914OBNC02025,2025-09-14,창원,NC,6,두산,0,NC,NC,0.5999820620256484
20250914WOHH02025,2025-09-14,대전,한화,10,키움,13,키움,한화,0.6842443067078927
20250915WOHH02025,2025-09-15,대전,한화,7,키움,6,한화,한화,0.7098274250883465
20250916HHHT02025,2025-09-16,광주,KIA,1,한화,11,한화,한화,0.6255348644328427
20250916LGKT02025,2025-09-16,수원,KT,6,LG,10,LG,KT,0.5228748212234001
20250916LTSS02025,2025-09-16,대구,삼성,7,롯데,5,삼성,삼성,0.5938027402270016
20250916SKNC02025,2025-09-16,창원,NC,3,SSG,7,SSG,SSG,0.5277970502608335
20250916WOOB02025,2025-09-16,잠실,두산,1,키움,4,키움,두산,0.5561579544930835
20250917HHHT02025,2025-09-17,광주,KIA,2,한화,6,한화,한화,0.6155945246139898
20250917SKNC02025,2025-09-17,창원,NC,4,SSG,0,NC,NC,0.5362217537101688
20250917WOOB02025,2025-09-17,잠실,두산,2,키움,4,키움,두산,0.6006121576780186
20250918LGKT12025,2025-09-18,수원,KT,2,LG,6,LG,LG,0.572939715438948
20250918HHHT02025,2025-09-18,광주,KIA,3,한화,4,한화,KIA,0.509019981340268
20250918LGKT22025,2025-09-18,수원,KT,1,LG,14,LG,KT,0.5149573630548585
20250918SSNC02025,2025-09-18,창원,NC,5,삼성,9,삼성,삼성,0.512517307615002
20250918WOOB02025,2025-09-18,잠실,두산,3,키움,2,두산,두산,0.6074915285031913
20250919LTNC02025,2025-09-19,창원,NC,2,롯데,18,롯데,NC,0.5379926175296196
20250920HHKT02025,2025-09-20,수원,KT,4,한화,2,KT,한화,0.5944486879786088
20250920NCHT02025,2025-09-20,광주,KIA,5,NC,4,KIA,KIA,0.56599818677775
20250920OBSK02025,2025-09-20,문학,SSG,15,두산,2,SSG,SSG,0.6318705441899275
20250920SSLG02025,2025-09-20,잠실,LG,4,삼성,14,삼성,LG,0.5260734864137544
20250920WOLT02025,2025-09-20,사직,롯데,5,키움,15,키움,롯데,0.6855673452907132
20250921NCHT02025,2025-09-21,광주,KIA,6,NC,7,NC,KIA,0.5973689643947434
20250921OBSK02025,2025-09-21,문학,SSG,7,두산,3,SSG,SSG,0.5631532378175879
20250921SSKT02025,2025-09-21,수원,KT,6,삼성,3,KT,KT,0.5838959306622533
20250922OBSK02025,2025-09-22,문학,SSG,2,두산,9,두산,SSG,0.6349005943662357
20250923HTSK02025,2025-09-23,문학,SSG,5,KIA,0,SSG,SSG,0.6050918629774659
20250923NCLT02025,2025-09-23,울산,롯데,2,NC,4,NC,NC,0.5133285748954094
20250923OBSS02025,2025-09-23,대구,삼성,7,두산,5,삼성,삼성,0.5627376263935673
20250923WOKT02025,2025-09-23,수원,KT,7,키움,0,KT,KT,0.6002205105674275
20250924HTWO02025,2025-09-24,고척,키움,0,KIA,2,KIA,KIA,0.5541791552185815
20250924LGNC02025,2025-09-24,창원,NC,10,LG,5,NC,NC,0.5175582676890317
20250924LTSS02025,2025-09-24,대구,삼성,9,롯데,4,삼성,삼성,0.6146345717272977
20250925HHOB02025,2025-09-25,잠실,두산,7,한화,0,두산,한화,0.6062400192148857
20250925KTSK02025,2025-09-25,문학,SSG,1,KT,10,KT,KT,0.5138494935436182
20250925LGLT02025,2025-09-25,울산,롯데,1,LG,11,LG,LG,0.5343939955810757
20250925WOSS02025,2025-09-25,대구,삼성,12,키움,3,삼성,삼성,0.609027577414616
20250926KTSK02025,2025-09-26,문학,SSG,5,KT,2,SSG,SSG,0.5854192189425712
20250926LGHH02025,2025-09-26,대전,한화,4,LG,1,한화,LG,0.5417248263136234
20250926NCOB02025,2025-09-26,잠실,두산,0,NC,3,NC,NC,0.5673495642857216
20250926SSLT02025,2025-09-26,사직,롯데,10,삼성,9,롯데,삼성,0.618612950692495
20250927LGHH02025,2025-09-27,대전,한화,2,LG,9,LG,LG,0.5018209164210816
20250927NCHT02025,2025-09-27,광주,KIA,1,NC,2,NC,KIA,0.56599818677775
20250927SKOB02025,2025-09-27,잠실,두산,2,SSG,6,SSG,SSG,0.5013899706958491
20250928LTOB02025,2025-09-28,잠실,두산,7,롯데,2,두산,롯데,0.5113399209178866
20250928SSWO02025,2025-09-28,고척,키움,2,삼성,4,삼성,삼성,0.6410693179893276
20250929LGHH02025,2025-09-29,대전,한화,7,LG,3,한화,LG,0.5177515971199906
20250929LTSK02025,2025-09-29,문학,SSG,4,롯데,2,SSG,SSG,0.6288931869599508
20250929NCHT02025,2025-09-29,광주,KIA,4,NC,13,NC,NC,0.573849800082594
20250930HTSS02025,2025-09-30,대구,삼성,5,KIA,0,삼성,삼성,0.642446172355699
20250930KTNC02025,2025-09-30,창원,NC,9,KT,4,NC,KT,0.5406182727443434
20250930LTHH02025,2025-09-30,대전,한화,1,롯데,0,한화,한화,0.5902336639743294
20250930OBLG02025,2025-09-30,잠실,LG,0,두산,6,두산,LG,0.5500299492408435
20250930SKWO02025,2025-09-30,고척,키움,3,SSG,4,SSG,SSG,0.5475454106638873
20251001HHSK02025,2025-10-01,문학,SSG,6,한화,5,SSG,한화,0.5487874752816356
20251001KTHT02025,2025-10-01,광주,KIA,3,KT,9,KT,KIA,0.5357636142117952
20251001NCLG02025,2025-10-01,잠실,LG,3,NC,7,NC,LG,0.7105399924592589
20251002SKHT02025,2025-10-02,광주,KIA,7,SSG,2,KIA,SSG,0.5186513465259985
20251004SKNC02025,2025-10-04,창원,NC,7,SSG,1,NC,NC,0.5507807395216013
20251004SSHT02025,2025-10-04,광주,KIA,9,삼성,8,KIA,KIA,0.5534123482494548
44441006NCSS02025,2025-10-06,대구,삼성,1,NC,4,NC,삼성,0.5606907384207566
44441007NCSS02025,2025-10-07,대구,삼성,3,NC,0,삼성,삼성,0.5340824643561445
33331009SSSK02025,2025-10-09,문학,SSG,2,삼성,5,삼성,SSG,0.6056689129257964
33331011SSSK02025,2025-10-11,문학,SSG,4,삼성,3,SSG,SSG,0.5052179291725167
33331013SKSS02025,2025-10-13,대구,삼성,5,SSG,3,삼성,SSG,0.5105991430478773
33331014SKSS02025,2025-10-14,대구,삼성,5,SSG,2,삼성,삼성,0.5954826599784481
55551018SSHH02025,2025-10-18,대전,한화,9,삼성,8,한화,한화,0.5616979516718237
55551019SSHH02025,2025-10-19,대전,한화,3,삼성,7,삼성,한화,0.6274726278392293
55551021HHSS02025,2025-10-21,대구,삼성,4,한화,5,한화,삼성,0.5268464140585561
55551022HHSS02025,2025-10-22,대구,삼성,7,한화,4,삼성,삼성,0.5027630997901825
55551024SSHH02025,2025-10-24,대전,한화,11,삼성,2,한화,한화,0.6146062671657836
77771026HHLG02025,2025-10-26,잠실,LG,8,한화,2,LG,LG,0.5054184271054261
77771027HHLG02025,2025-10-27,잠실,LG,13,한화,5,LG,LG,0.5137855378377464
77771029LGHH02025,2025-10-29,대전,한화,7,LG,3,한화,한화,0.545070647887697
77771030LGHH02025,2025-10-30,대전,한화,4,LG,7,LG,한화,0.5167722952679122
77771031LGHH02025,2025-10-31,대전,한화,1,LG,4,LG,LG,0.5018209164210816
